{"scores": [689, 690, 834, 584, 521, 715, 1007], "avg scores": [689.0, 689.5, 737.6666666666666, 699.25, 663.6, 672.1666666666666, 720.0], "game number": 7, "loss": [7.144861221313477, 7.144861221313477, 7.144861221313477, 4.352203845977783, 4.352203845977783, 4.352203845977783], "exploration rates": [99.99257527471718, 99.9922752974038, 99.99215030712215, 99.99127537952528, 99.98727580800153, 99.98715082396924, 99.98702584009318], "total score": 5040}