{"scores": [911, 751, 723, 875, 919, 1040, 571, 622, 686, 775, 1381], "avg scores": [911.0, 831.0, 795.0, 815.0, 835.8, 869.8333333333334, 827.1428571428571, 801.5, 788.6666666666666, 787.3, 841.2727272727273], "game number": 11, "loss": [16.538217544555664, 8.634162902832031, 9.6451997756958, 3.1891069412231445, 4.922563076019287, 10.944509506225586, 8.747895240783691, 0.7968234419822693, 2.050971269607544, 12.54605484008789, 5.689272403717041], "exploration rates": [99.9900254962384, 99.98597598170223, 99.98592598872048, 99.98587599576373, 99.98587599576373, 99.97512809045944, 99.97257875687828, 99.97257875687828, 99.97257875687828, 99.97257875687828, 99.95935825590816], "total score": 9254, "delta times": [63.573962688446045, 97.17831015586853, 97.84602475166321, 99.57187223434448, 108.96084761619568, 66.82084655761719, 88.37678527832031, 90.80207204818726, 94.53311157226562, 95.32812142372131, 81.22818064689636]}