{"scores": [911, 751, 723, 875, 919, 1040, 571, 622, 686, 775, 1381, 566, 873, 875, 987, 868, 955, 882, 873, 586, 490, 959, 1543, 611, 691, 967, 1192, 407, 684, 831, 815, 675, 1261, 850, 896, 864, 1178, 806, 1331, 850, 968, 596, 828, 903, 1375, 842, 877, 976, 1156, 852, 865, 653, 632, 532, 777, 728, 802, 645, 715, 676, 1026, 360, 854, 353, 931, 836, 882, 892, 1029, 548, 933, 746, 1016, 381, 896, 666, 779, 683, 964, 761, 1161, 801, 801, 994, 994, 467, 467, 313, 313, 1612], "avg scores": [911.0, 831.0, 795.0, 815.0, 835.8, 869.8333333333334, 827.1428571428571, 801.5, 788.6666666666666, 787.3, 841.2727272727273, 818.3333333333334, 822.5384615384615, 826.2857142857143, 837.0, 838.9375, 845.7647058823529, 847.7777777777778, 849.1052631578947, 835.95, 819.4761904761905, 825.8181818181819, 857.0, 846.75, 840.52, 845.3846153846154, 858.2222222222222, 842.1071428571429, 836.6551724137931, 836.4666666666667, 835.7741935483871, 830.75, 843.7878787878788, 843.9705882352941, 845.4571428571429, 845.9722222222222, 854.9459459459459, 853.6578947368421, 865.8974358974359, 865.5, 868.0, 861.5238095238095, 860.7441860465116, 861.7045454545455, 873.1111111111111, 872.4347826086956, 872.531914893617, 874.6875, 880.4285714285714, 879.86, 879.5686274509804, 875.2115384615385, 870.622641509434, 864.3518518518518, 862.7636363636364, 860.3571428571429, 859.3333333333334, 855.6379310344828, 853.2542372881356, 850.3, 853.1803278688525, 845.2258064516129, 845.3650793650794, 837.671875, 839.1076923076923, 839.060606060606, 839.7014925373135, 840.4705882352941, 843.2028985507246, 838.9857142857143, 840.3098591549295, 839.0, 841.4246575342465, 835.2027027027027, 836.0133333333333, 833.7763157894736, 833.0649350649351, 831.1410256410256, 832.8227848101266, 831.925, 835.9876543209876, 835.560975609756, 835.560975609756, 837.4698795180723, 837.4698795180723, 833.0595238095239, 833.0595238095239, 826.9411764705883, 826.9411764705883, 836.0697674418604], "game number": 86, "loss": [16.538217544555664, 8.634162902832031, 9.6451997756958, 3.1891069412231445, 4.922563076019287, 10.944509506225586, 8.747895240783691, 0.7968234419822693, 2.050971269607544, 12.54605484008789, 5.689272403717041, 8.835997581481934, 29.0666561126709, 27.1568660736084, 11.078344345092773, 7.346187114715576, 13.312725067138672, 7.021996021270752, 22.584789276123047, 10.175375938415527, 9.734689712524414, 6.741786003112793, 24.566621780395508, 6.458163261413574, 4.365092754364014, 11.116240501403809, 29.33291244506836, 11.446358680725098, 6.4261393547058105, 5.270412445068359, 7.811512470245361, 9.841168403625488, 16.217586517333984, 19.332822799682617, 38.23957443237305, 3.273824453353882, 9.185486793518066, 27.396635055541992, 2.7070767879486084, 7.28720235824585, 15.204113006591797, 16.068071365356445, 19.44737434387207, 9.124185562133789, 41.23869705200195, 3.606943130493164, 3.843358039855957, 8.336579322814941, 7.561213493347168, 11.841269493103027, 5.130043983459473, 3.9754233360290527, 29.519493103027344, 6.885465145111084, 8.845473289489746, 19.510032653808594, 12.313800811767578, 18.819730758666992, 3.4158334732055664, 20.294963836669922, 24.701711654663086, 19.79674530029297, 9.49766731262207, 4.787184715270996, 6.941810131072998, 2.885572910308838, 12.744925498962402, 9.907347679138184, 13.108001708984375, 17.507993698120117, 28.833303451538086, 6.620197296142578, 7.831244945526123, 11.291094779968262, 8.890170097351074, 8.552532196044922, 18.684642791748047, 18.700294494628906, 10.217024803161621, 16.903541564941406, 14.97113037109375, 14.97113037109375, 4.3236565589904785, 4.3236565589904785, 4.2317633628845215, 4.2317633628845215, 10.128149032592773, 10.128149032592773, 4.714394569396973, 4.714394569396973, 12.819963455200195], "exploration rates": [99.9900254962384, 99.98597598170223, 99.98592598872048, 99.98587599576373, 99.98587599576373, 99.97512809045944, 99.97257875687828, 99.97257875687828, 99.97257875687828, 99.97257875687828, 99.95935825590816, 99.9540605496481, 99.95401057262406, 99.94793855016152, 99.94793855016152, 99.94199182399048, 99.94199182399048, 99.93617037178967, 99.93617037178967, 99.93219798747194, 99.93219798747194, 99.9255527164319, 99.92492818360093, 99.9200070014572, 99.9200070014572, 99.9134124977909, 99.9134124977909, 99.90959088237348, 99.90959088237348, 99.90402107724455, 99.90402107724455, 99.89830173503992, 99.89800204054674, 99.89213320459118, 99.89213320459118, 99.88566539755433, 99.88566539755433, 99.8792229791002, 99.8789483115803, 99.87298072195543, 99.87298072195543, 99.86781242828707, 99.86781242828707, 99.86139612666153, 99.86092178609714, 99.85517994745531, 99.85517994745531, 99.84858972223391, 99.84858972223391, 99.84277371054775, 99.84277371054775, 99.83763193945995, 99.83763193945995, 99.83254034943057, 99.83254034943057, 99.82722440752976, 99.82722440752976, 99.82205848168965, 99.82205848168965, 99.81649355635663, 99.81636878580207, 99.81195200865251, 99.81167752612754, 99.80708629398595, 99.8066621147175, 99.80087349546197, 99.80087349546197, 99.79468603234426, 99.79468603234426, 99.78944694819911, 99.78944694819911, 99.78348470612153, 99.78348470612153, 99.77949344605955, 99.7787949919626, 99.77380617631016, 99.77380617631016, 99.76811923072589, 99.76811923072589, 99.7620585008207, 99.76195873879959, 99.7559482611009, 99.7559482611009, 99.75557417694952, 99.75557417694952, 99.75163390909728, 99.75163390909728, 99.74831722199497, 99.74831722199497, 99.74714518600666], "total score": 71902, "delta times": [63.573962688446045, 97.17831015586853, 97.84602475166321, 99.57187223434448, 108.96084761619568, 66.82084655761719, 88.37678527832031, 90.80207204818726, 94.53311157226562, 95.32812142372131, 81.22818064689636, 46.220147132873535, 57.227285861968994, 58.44671845436096, 59.804632902145386, 57.48026895523071, 58.599180698394775, 58.80263066291809, 59.87343215942383, 43.133641958236694, 44.00214099884033, 61.4203155040741, 81.73532629013062, 52.000815629959106, 52.28886032104492, 62.40615200996399, 65.55916857719421, 35.71102547645569, 45.58438563346863, 54.63304591178894, 56.22495436668396, 51.599587202072144, 66.35751986503601, 59.40693402290344, 60.577096700668335, 57.02928686141968, 64.39615750312805, 55.479050159454346, 70.15646839141846, 56.694591999053955, 57.16479134559631, 47.61136293411255, 53.74795889854431, 55.490763425827026, 73.23185801506042, 52.44554829597473, 56.83557915687561, 59.02889943122864, 65.54406905174255, 54.01086401939392, 58.012707233428955, 50.16748857498169, 52.271039724349976, 47.236605405807495, 52.967705965042114, 51.68196702003479, 52.458203077316284, 50.7637996673584, 52.255980491638184, 48.804391622543335, 60.88440942764282, 39.607526779174805, 53.97307872772217, 41.31735801696777, 57.98541569709778, 55.01522994041443, 57.10813665390015, 57.40656352043152, 61.065364360809326, 47.23548150062561, 55.320475578308105, 57.08087182044983, 65.49529480934143, 38.04778599739075, 60.01611042022705, 48.5017876625061, 54.66272282600403, 54.06710171699524, 63.91882586479187, 55.77552771568298, 67.69453859329224, 78.179692029953, 78.179692029953, 87.46722745895386, 87.46722745895386, 60.28658103942871, 60.28658103942871, 48.07485818862915, 48.07485818862915, 118.72358417510986]}