{"scores": [665, 737, 1048, 1148, 346, 572, 775, 855, 847, 889, 985, 1036, 830, 564, 765, 738, 590, 837, 809, 1100], "avg scores": [665.0, 701.0, 816.6666666666666, 899.5, 788.8, 752.6666666666666, 755.8571428571429, 768.25, 777.0, 788.2, 806.0909090909091, 825.25, 825.6153846153846, 806.9285714285714, 804.1333333333333, 800.0, 787.6470588235294, 790.3888888888889, 791.3684210526316, 806.8], "game number": 20, "loss": [13.061917304992676, 13.061917304992676, 13.061917304992676, 13.061917304992676, 2.7014098167419434, 2.7014098167419434, 2.7014098167419434, 2.7014098167419434, 19.08531379699707, 19.08531379699707, 19.08531379699707, 19.08531379699707, 13.039460182189941, 13.039460182189941, 13.039460182189941, 13.039460182189941], "exploration rates": [99.98995050373803, 99.98935056575972, 99.98850065978566, 99.98825068881519, 99.98070185991537, 99.97962707301285, 99.97947710366596, 99.9788772285279, 99.96793013946555, 99.96743030100191, 99.96678051473545, 99.96678051473545, 99.95745904590618, 99.95728412048402, 99.95668437850347, 99.95663440016752, 99.94681414203694, 99.94591462464494, 99.94581467876777, 99.94523999191368], "total score": 16136, "delta times": [108.56491160392761, 108.56491160392761, 108.56491160392761, 108.56491160392761, 86.22655463218689, 86.22655463218689, 86.22655463218689, 86.22655463218689, 107.26582193374634, 107.26582193374634, 107.26582193374634, 107.26582193374634, 94.40164852142334, 94.40164852142334, 94.40164852142334, 94.40164852142334]}