{"scores": [381, 715, 980, 821, 1153, 1047, 530, 522, 568, 503, 745, 772, 407, 705, 815, 827, 760, 869, 744, 868, 1059, 427, 845, 895, 736, 814, 885, 394, 855, 942, 539, 885, 918, 830, 774, 871, 526, 717, 836, 468, 541, 609, 485, 724, 854, 371, 833, 845, 538, 577, 891, 482, 530, 752, 874, 940, 1041, 799, 1040, 1339, 581, 743, 863, 609, 670, 657, 608, 646, 992, 111, 901, 978, 465, 710, 987, 481, 642, 973, 563, 798, 816, 520, 821, 831, 853, 955, 1243, 724, 682, 786, 667, 844, 951, 821, 1134, 1176, 469, 494, 927, 890, 1146, 1205, 463, 672, 1000, 586, 781, 983, 583, 704, 674, 595, 845, 905, 680, 854, 1359, 665, 853, 882, 405, 562, 721, 659, 619, 960, 587, 669, 1232, 489, 716, 882, 303, 524, 1266, 507, 959, 944, 670, 749, 984, 488, 655, 810, 484, 513, 585, 571, 1174, 1189], "avg scores": [381.0, 548.0, 692.0, 724.25, 810.0, 849.5, 803.8571428571429, 768.625, 746.3333333333334, 722.0, 724.0909090909091, 728.0833333333334, 703.3846153846154, 703.5, 710.9333333333333, 718.1875, 720.6470588235294, 728.8888888888889, 729.6842105263158, 736.6, 751.952380952381, 737.1818181818181, 741.8695652173913, 748.25, 747.76, 750.3076923076923, 755.2962962962963, 742.3928571428571, 746.2758620689655, 752.8, 745.9032258064516, 750.25, 755.3333333333334, 757.5294117647059, 758.0, 761.1388888888889, 754.7837837837837, 753.7894736842105, 755.8974358974359, 748.7, 743.6341463414634, 740.4285714285714, 734.4883720930233, 734.25, 736.9111111111112, 728.9565217391304, 731.1702127659574, 733.5416666666666, 729.5510204081633, 726.5, 729.7254901960785, 724.9615384615385, 721.2830188679245, 721.8518518518518, 724.6181818181818, 728.4642857142857, 733.9473684210526, 735.0689655172414, 740.2372881355932, 750.2166666666667, 747.4426229508197, 747.3709677419355, 749.2063492063492, 747.015625, 745.8307692307692, 744.4848484848485, 742.4477611940298, 741.0294117647059, 744.6666666666666, 735.6142857142858, 737.943661971831, 741.2777777777778, 737.4931506849315, 737.1216216216217, 740.4533333333334, 737.0394736842105, 735.8051948051948, 738.8461538461538, 736.620253164557, 737.3875, 738.358024691358, 735.6951219512196, 736.722891566265, 737.8452380952381, 739.2, 741.7093023255813, 747.471264367816, 747.2045454545455, 746.4719101123595, 746.9111111111112, 746.032967032967, 747.0978260869565, 749.2903225806451, 750.0531914893617, 754.0947368421052, 758.4895833333334, 755.5051546391752, 752.8367346938776, 754.5959595959596, 755.95, 759.8118811881188, 764.1764705882352, 761.252427184466, 760.3942307692307, 762.6761904761905, 761.0094339622641, 761.196261682243, 763.25, 761.5963302752293, 761.0727272727273, 760.2882882882883, 758.8125, 759.5752212389381, 760.8508771929825, 760.1478260869566, 760.9568965517242, 766.0683760683761, 765.2118644067797, 765.9495798319327, 766.9166666666666, 763.9256198347107, 762.2704918032787, 761.9349593495934, 761.1048387096774, 759.968, 761.5555555555555, 760.1811023622047, 759.46875, 763.1317829457364, 761.0230769230769, 760.6793893129772, 761.5984848484849, 758.1503759398496, 756.4029850746268, 760.1777777777778, 758.3161764705883, 759.7810218978102, 761.1159420289855, 760.4604316546763, 760.3785714285714, 761.9645390070922, 760.0352112676056, 759.3006993006993, 759.6527777777778, 757.751724137931, 756.0753424657535, 754.9115646258504, 753.668918918919, 756.489932885906, 759.3733333333333], "game number": 150, "loss": [14.410987854003906, 14.410987854003906, 14.410987854003906, 108.23102569580078, 108.23102569580078, 108.23102569580078, 3.447453022003174, 3.447453022003174, 3.447453022003174, 6.097111701965332, 6.097111701965332, 6.097111701965332, 1.1935955286026, 1.1935955286026, 1.1935955286026, 11.203046798706055, 11.203046798706055, 11.203046798706055, 3.8882646560668945, 3.8882646560668945, 3.8882646560668945, 23.18926239013672, 23.18926239013672, 23.18926239013672, 82.01715850830078, 82.01715850830078, 82.01715850830078, 2.7459259033203125, 2.7459259033203125, 2.7459259033203125, 114.74573516845703, 114.74573516845703, 114.74573516845703, 19.49026870727539, 19.49026870727539, 19.49026870727539, 9.6558837890625, 9.6558837890625, 9.6558837890625, 13.401972770690918, 13.401972770690918, 13.401972770690918, 10.898990631103516, 10.898990631103516, 10.898990631103516, 11.948325157165527, 11.948325157165527, 11.948325157165527, 8.810806274414062, 8.810806274414062, 8.810806274414062, 1.6285803318023682, 1.6285803318023682, 1.6285803318023682, 18.943037033081055, 18.943037033081055, 18.943037033081055, 59.4615478515625, 59.4615478515625, 59.4615478515625, 5.233813285827637, 5.233813285827637, 5.233813285827637, 7.8151984214782715, 7.8151984214782715, 7.8151984214782715, 20.124902725219727, 20.124902725219727, 20.124902725219727, 2.6078948974609375, 2.6078948974609375, 2.6078948974609375, 35.167999267578125, 35.167999267578125, 35.167999267578125, 7.1148600578308105, 7.1148600578308105, 7.1148600578308105, 41.276954650878906, 41.276954650878906, 41.276954650878906, 10.496077537536621, 10.496077537536621, 10.496077537536621, 11.11938762664795, 11.11938762664795, 11.11938762664795, 16.33769989013672, 16.33769989013672, 16.33769989013672, 20.115528106689453, 20.115528106689453, 20.115528106689453, 6.4423627853393555, 6.4423627853393555, 6.4423627853393555, 5.419919490814209, 5.419919490814209, 5.419919490814209, 11.91756820678711, 11.91756820678711, 11.91756820678711, 6.738028526306152, 6.738028526306152, 6.738028526306152, 10.597678184509277, 10.597678184509277, 10.597678184509277, 3.3842270374298096, 3.3842270374298096, 3.3842270374298096, 50.9609260559082, 50.9609260559082, 50.9609260559082, 5.937383651733398, 5.937383651733398, 5.937383651733398, 20.504169464111328, 20.504169464111328, 20.504169464111328, 0.9649536609649658, 0.9649536609649658, 0.9649536609649658, 6.402084827423096, 6.402084827423096, 6.402084827423096, 27.083600997924805, 27.083600997924805, 27.083600997924805, 18.280866622924805, 18.280866622924805, 18.280866622924805, 47.440818786621094, 47.440818786621094, 47.440818786621094, 2.8972091674804688, 2.8972091674804688, 2.8972091674804688, 19.713237762451172, 19.713237762451172, 19.713237762451172, 20.476184844970703, 20.476184844970703, 20.476184844970703, 0.48787394165992737, 0.48787394165992737, 0.48787394165992737],